134118,4095,4095,4095,997,1546,-0.01562,-0.76562,1.07812,24.660
134178,4095,4095,4095,997,1546,-0.03125,-0.78125,1.07812,24.660
134188,4095,4095,4095,994,1547,0.00000,-0.76562,1.06250,24.650
134198,4095,4095,4095,998,1547,-0.01562,-0.76562,1.06250,24.670
134208,4095,4095,4095,993,1550,-0.01562,-0.78125,1.04688,24.660
134218,4095,4095,4095,996,1548,-0.03125,-0.76562,1.04688,24.660
134228,4095,4095,4095,995,1546,-0.04688,-0.78125,1.06250,24.670
134238,4095,4095,4095,995,1548,-0.03125,-0.75000,1.06250,24.670
134248,4095,4095,4095,996,1548,-0.03125,-0.76562,1.04688,24.670
134258,4095,4095,4095,997,1548,-0.03125,-0.78125,1.06250,24.670
134268,4095,4095,4095,995,1548,-0.03125,-0.76562,1.06250,24.670
134278,4095,4095,4095,999,1549,-0.01562,-0.76562,1.03125,24.670
134288,4095,4095,4095,998,1548,-0.03125,-0.78125,1.04688,24.670
134298,4095,4095,4095,997,1547,0.00000,-0.76562,1.06250,24.670
134308,4095,4095,4095,995,1548,-0.01562,-0.76562,1.04688,24.670
134318,4095,4095,4095,999,1547,-0.01562,-0.75000,1.04688,24.660
134328,4095,4095,4095,996,1547,-0.03125,-0.76562,1.06250,24.660
134338,4095,4095,4095,995,1548,-0.03125,-0.76562,1.04688,24.670
134348,4095,4095,4095,996,1546,-0.04688,-0.76562,1.04688,24.670
134358,4095,4095,4095,996,1548,-0.03125,-0.76562,1.04688,24.670
134368,4095,4095,4095,997,1548,-0.04688,-0.76562,1.06250,24.670
134378,4095,4095,4095,997,1546,-0.03125,-0.78125,1.03125,24.660
134388,4095,4095,4095,995,1550,-0.03125,-0.76562,1.03125,24.660
134398,4095,4095,4095,995,1550,-0.01562,-0.75000,1.06250,24.670
134408,4095,4095,4095,997,1547,-0.03125,-0.75000,1.06250,24.660
134418,4095,4095,4095,999,1545,-0.01562,-0.76562,1.06250,24.660
134428,4095,4095,4095,999,1547,-0.04688,-0.76562,1.04688,24.660
134438,4095,4095,4095,995,1548,-0.04688,-0.76562,1.06250,24.670
134448,4095,4095,4095,995,1550,-0.03125,-0.78125,1.06250,24.670
134458,4095,4095,4095,995,1550,-0.01562,-0.76562,1.07812,24.670
134468,4095,4095,4095,997,1546,-0.04688,-0.78125,1.04688,24.680
134478,4095,4095,4095,996,1547,-0.04688,-0.76562,1.06250,24.670
134488,4095,4095,4095,997,1548,-0.04688,-0.78125,1.06250,24.670
134498,4095,4095,4095,997,1548,-0.03125,-0.76562,1.06250,24.670
134508,4095,4095,4095,997,1547,-0.03125,-0.78125,1.06250,24.660
134518,4095,4095,4095,997,1545,0.00000,-0.76562,1.04688,24.660
134528,4095,4095,4095,997,1547,-0.04688,-0.76562,1.04688,24.670
134538,4095,4095,4095,999,1547,-0.01562,-0.76562,1.04688,24.670
134548,4095,4095,4095,999,1546,-0.03125,-0.76562,1.06250,24.670
134558,4095,4095,4095,995,1548,-0.01562,-0.76562,1.06250,24.670
134568,4095,4095,4095,995,1548,-0.01562,-0.79688,1.04688,24.670
134578,4095,4095,4095,999,1547,0.00000,-0.76562,1.06250,24.670
134588,4095,4095,4095,997,1546,-0.03125,-0.76562,1.04688,24.660
134598,4095,4095,4095,997,1548,-0.01562,-0.76562,1.04688,24.670
134608,4095,4095,4095,997,1547,-0.01562,-0.76562,1.06250,24.660
134618,4095,4095,4095,996,1548,0.00000,-0.75000,1.06250,24.660
134628,4095,4095,4095,997,1546,-0.04688,-0.76562,1.04688,24.660
134638,4095,4095,4095,997,1548,-0.03125,-0.75000,1.04688,24.670
134648,4095,4095,4095,997,1547,-0.01562,-0.75000,1.04688,24.670
134658,4095,4095,4095,995,1545,-0.03125,-0.78125,1.04688,24.670
134668,4095,4095,4095,998,1546,-0.04688,-0.78125,1.06250,24.660
134678,4095,4095,4095,996,1548,-0.03125,-0.76562,1.06250,24.680
134688,4095,4095,4095,999,1546,-0.01562,-0.78125,1.03125,24.660
134698,4095,4095,4095,997,1548,-0.01562,-0.75000,1.06250,24.670
134708,4095,4095,4095,1000,1548,-0.04688,-0.76562,1.03125,24.670
134718,4095,4095,4095,995,1548,-0.01562,-0.76562,1.07812,24.670
134728,4095,4095,4095,996,1550,-0.01562,-0.76562,1.07812,24.670
134738,4095,4095,4095,996,1550,-0.01562,-0.73438,1.03125,24.660
134748,4095,4095,4095,997,1548,0.00000,-0.75000,1.03125,24.670
134758,4095,4095,4095,997,1550,-0.01562,-0.76562,1.06250,24.670
134768,4095,4095,4095,994,1548,-0.04688,-0.76562,1.04688,24.660
134778,4095,4095,4095,995,1548,-0.03125,-0.78125,1.04688,24.660
134788,4095,4095,4095,995,1546,-0.04688,-0.78125,1.03125,24.670
134798,4095,4095,4095,998,1547,-0.01562,-0.75000,1.06250,24.670
134808,4095,4095,4095,997,1550,-0.03125,-0.76562,1.04688,24.660
134818,4095,4095,4095,996,1545,-0.03125,-0.76562,1.04688,24.670
134828,4095,4095,4095,999,1548,-0.03125,-0.78125,1.06250,24.670
134838,4095,4095,4095,997,1549,-0.03125,-0.76562,1.06250,24.680
134848,4095,4095,4095,997,1547,-0.03125,-0.76562,1.04688,24.660
134858,4095,4095,4095,997,1548,-0.01562,-0.76562,1.06250,24.670
134868,4095,4095,4095,997,1548,-0.01562,-0.78125,1.06250,24.660
134878,4095,4095,4095,998,1548,-0.01562,-0.78125,1.04688,24.670
134888,4095,4095,4095,997,1548,-0.03125,-0.76562,1.04688,24.670
134898,4095,4095,4095,996,1547,-0.03125,-0.75000,1.07812,24.670
134908,4095,4095,4095,997,1549,-0.04688,-0.75000,1.04688,24.660
134918,4095,4095,4095,997,1548,-0.01562,-0.76562,1.06250,24.660
134928,4095,4095,4095,998,1547,-0.01562,-0.75000,1.04688,24.670
134938,4095,4095,4095,997,1551,-0.03125,-0.75000,1.04688,24.670
134948,4095,4095,4095,996,1547,-0.01562,-0.78125,1.06250,24.670
134958,4095,4095,4095,997,1548,-0.01562,-0.76562,1.03125,24.670
134968,4095,4095,4095,997,1547,-0.03125,-0.75000,1.04688,24.670
134978,4095,4095,4095,997,1547,-0.01562,-0.76562,1.04688,24.670
134988,4095,4095,4095,997,1546,-0.03125,-0.75000,1.06250,24.670
134998,4095,4095,4095,995,1548,-0.03125,-0.76562,1.03125,24.670
135008,4095,4095,4095,995,1548,-0.03125,-0.76562,1.04688,24.670
135018,4095,4095,4095,998,1547,-0.03125,-0.76562,1.06250,24.670
135028,4095,4095,4095,995,1544,-0.01562,-0.78125,1.04688,24.670
135038,4095,4095,4095,996,1547,-0.03125,-0.76562,1.06250,24.670
135048,4095,4095,4095,995,1548,-0.03125,-0.78125,1.04688,24.660
135058,4095,4095,4095,995,1550,-0.04688,-0.76562,1.04688,24.660
135068,4095,4095,4095,995,1547,-0.01562,-0.78125,1.06250,24.670
135078,4095,4095,4095,995,1548,-0.04688,-0.76562,1.06250,24.670
135088,4095,4095,4095,997,1547,-0.03125,-0.79688,1.06250,24.670
135098,4095,4095,4095,999,1548,-0.01562,-0.73438,1.04688,24.660
135108,4095,4095,4095,995,1544,-0.03125,-0.76562,1.07812,24.660
135118,4095,4095,4095,995,1546,-0.01562,-0.75000,1.06250,24.670
135128,4095,4095,4095,995,1550,-0.01562,-0.76562,1.06250,24.660
135138,4095,4095,4095,997,1548,-0.03125,-0.76562,1.03125,24.670
135148,4095,4095,4095,999,1548,-0.04688,-0.76562,1.04688,24.670
135158,4095,4095,4095,997,1547,-0.03125,-0.75000,1.06250,24.670
135168,4095,4095,4095,998,1548,-0.03125,-0.78125,1.06250,24.660
135178,4095,4095,4095,997,1547,-0.03125,-0.78125,1.04688,24.660
135188,4095,4095,4095,997,1544,-0.04688,-0.78125,1.06250,24.670
135198,4095,4095,4095,997,1551,-0.03125,-0.79688,1.04688,24.660
135208,4095,4095,4095,997,1548,-0.03125,-0.75000,1.06250,24.660
135218,4095,4095,4095,995,1548,-0.01562,-0.78125,1.06250,24.660
135228,4095,4095,4095,997,1548,-0.01562,-0.73438,1.04688,24.660
135238,4095,4095,4095,997,1548,0.00000,-0.76562,1.06250,24.670
135248,4095,4095,4095,995,1550,-0.03125,-0.76562,1.04688,24.670
135258,4095,4095,4095,995,1548,-0.04688,-0.76562,1.04688,24.660
135268,4095,4095,4095,997,1546,-0.03125,-0.76562,1.03125,24.660
135278,4095,4095,4095,997,1548,-0.03125,-0.76562,1.04688,24.670
135288,4095,4095,4095,999,1548,-0.01562,-0.79688,1.03125,24.660
135298,4095,4095,4095,997,1546,-0.03125,-0.76562,1.06250,24.670
135308,4095,4095,4095,995,1552,-0.04688,-0.78125,1.01562,24.660
135318,4095,4095,4095,997,1549,-0.03125,-0.76562,1.04688,24.660
135328,4095,4095,4095,995,1548,-0.03125,-0.76562,1.06250,24.660
135338,4095,4095,4095,996,1547,-0.03125,-0.75000,1.07812,24.670
135348,4095,4095,4095,995,1548,-0.03125,-0.76562,1.03125,24.660
135358,4095,4095,4095,997,1544,-0.03125,-0.76562,1.04688,24.660
135368,4095,4095,4095,995,1548,-0.04688,-0.76562,1.06250,24.650
135378,4095,4095,4095,995,1546,-0.03125,-0.78125,1.06250,24.660
135388,4095,4095,4095,997,1547,-0.03125,-0.76562,1.06250,24.670
135398,4095,4095,4095,995,1550,-0.04688,-0.76562,1.04688,24.660
135408,4095,4095,4095,995,1550,-0.03125,-0.78125,1.06250,24.670
135418,4095,4095,4095,995,1548,-0.03125,-0.76562,1.06250,24.670
135428,4095,4095,4095,997,1550,-0.03125,-0.76562,1.06250,24.670
135438,4095,4095,4095,995,1549,-0.01562,-0.76562,1.04688,24.670
135448,4095,4095,4095,997,1547,-0.03125,-0.78125,1.04688,24.660
135458,4095,4095,4095,995,1548,-0.03125,-0.76562,1.06250,24.670
135468,4095,4095,4095,997,1548,-0.03125,-0.76562,1.06250,24.660
135478,4095,4095,4095,999,1548,-0.03125,-0.76562,1.06250,24.670
135488,4095,4095,4095,995,1548,-0.03125,-0.75000,1.06250,24.660
135498,4095,4095,4095,997,1548,-0.01562,-0.76562,1.04688,24.660
135508,4095,4095,4095,995,1547,-0.01562,-0.76562,1.04688,24.670
135518,4095,4095,4095,996,1548,-0.03125,-0.75000,1.07812,24.660
135528,4095,4095,4095,999,1547,-0.03125,-0.78125,1.06250,24.660
135538,4095,4095,4095,997,1548,-0.01562,-0.79688,1.06250,24.660
135548,4095,4095,4095,997,1548,-0.03125,-0.78125,1.06250,24.670
135558,4095,4095,4095,993,1546,-0.03125,-0.76562,1.06250,24.670
135568,4095,4095,4095,991,1550,-0.01562,-0.75000,1.06250,24.670
135578,4095,4095,4095,996,1548,-0.03125,-0.76562,1.03125,24.670
135588,4095,4095,4095,997,1547,-0.01562,-0.76562,1.03125,24.670
135598,4095,4095,4095,996,1548,-0.04688,-0.76562,1.06250,24.670
135608,4095,4095,4095,997,1548,-0.03125,-0.76562,1.06250,24.660
135618,4095,4095,4095,997,1546,-0.01562,-0.78125,1.04688,24.660
135628,4095,4095,4095,997,1548,-0.01562,-0.76562,1.04688,24.670
135638,4095,4095,4095,997,1547,-0.04688,-0.76562,1.04688,24.670
135648,4095,4095,4095,998,1548,-0.04688,-0.75000,1.04688,24.670
135658,4095,4095,4095,997,1548,-0.03125,-0.78125,1.06250,24.660
135668,4095,4095,4095,996,1547,-0.03125,-0.78125,1.03125,24.670
135678,4095,4095,4095,997,1547,-0.03125,-0.78125,1.04688,24.670
135688,4095,4095,4095,997,1547,-0.03125,-0.75000,1.04688,24.670
135698,4095,4095,4095,998,1546,-0.04688,-0.75000,1.04688,24.670
135708,4095,4095,4095,997,1546,-0.01562,-0.78125,1.06250,24.670
135718,4095,4095,4095,995,1550,-0.01562,-0.75000,1.07812,24.660
135728,4095,4095,4095,995,1548,-0.01562,-0.76562,1.06250,24.670
135738,4095,4095,4095,995,1548,-0.04688,-0.78125,1.04688,24.670
135748,4095,4095,4095,999,1547,-0.01562,-0.76562,1.04688,24.660
135758,4095,4095,4095,995,1546,-0.03125,-0.76562,1.06250,24.670
135768,4095,4095,4095,995,1548,-0.04688,-0.78125,1.06250,24.670
135778,4095,4095,4095,997,1545,-0.04688,-0.75000,1.06250,24.660
135788,4095,4095,4095,1000,1546,-0.03125,-0.76562,1.04688,24.660
135798,4095,4095,4095,997,1548,-0.01562,-0.76562,1.03125,24.660
135808,4095,4095,4095,997,1545,-0.03125,-0.78125,1.04688,24.660
135818,4095,4095,4095,995,1548,-0.03125,-0.78125,1.04688,24.670
135828,4095,4095,4095,997,1548,-0.01562,-0.79688,1.07812,24.670
135838,4095,4095,4095,995,1546,-0.04688,-0.76562,1.04688,24.670
135848,4095,4095,4095,996,1548,-0.03125,-0.76562,1.06250,24.670
135858,4095,4095,4095,997,1549,-0.03125,-0.78125,1.06250,24.680
135868,4095,4095,4095,997,1547,-0.04688,-0.73438,1.06250,24.670
135878,4095,4095,4095,998,1546,-0.04688,-0.76562,1.04688,24.660
135888,4095,4095,4095,997,1548,-0.03125,-0.76562,1.06250,24.660
135898,4095,4095,4095,999,1546,-0.04688,-0.75000,1.06250,24.670
135908,4095,4095,4095,995,1546,-0.04688,-0.76562,1.06250,24.660
135918,4095,4095,4095,995,1548,-0.03125,-0.76562,1.06250,24.660
135928,4095,4095,4095,996,1545,-0.03125,-0.76562,1.07812,24.660
135938,4095,4095,4095,999,1548,-0.03125,-0.76562,1.06250,24.670
135948,4095,4095,4095,995,1548,-0.01562,-0.76562,1.06250,24.670
135958,4095,4095,4095,997,1546,-0.03125,-0.76562,1.04688,24.660
135968,4095,4095,4095,998,1548,-0.04688,-0.78125,1.06250,24.670
135978,4095,4095,4095,997,1548,-0.03125,-0.76562,1.04688,24.670
135988,4095,4095,4095,999,1547,-0.04688,-0.79688,1.04688,24.660
135998,4095,4095,4095,995,1545,-0.03125,-0.76562,1.06250,24.670
136008,4095,4095,4095,997,1548,-0.01562,-0.76562,1.04688,24.670
136018,4095,4095,4095,997,1547,-0.03125,-0.75000,1.04688,24.670
136028,4095,4095,4095,997,1548,-0.04688,-0.78125,1.03125,24.670
136038,4095,4095,4095,997,1546,-0.04688,-0.79688,1.04688,24.660
136048,4095,4095,4095,997,1548,-0.01562,-0.75000,1.04688,24.660
136058,4095,4095,4095,997,1546,-0.03125,-0.76562,1.06250,24.660
136068,4095,4095,4095,995,1547,0.00000,-0.75000,1.03125,24.670
136078,4095,4095,4095,995,1547,-0.03125,-0.76562,1.06250,24.680
136088,4095,4095,4095,998,1546,-0.03125,-0.78125,1.09375,24.660
136098,4095,4095,4095,996,1548,-0.03125,-0.78125,1.06250,24.660
136108,4095,4095,4095,997,1548,-0.03125,-0.75000,1.03125,24.660
136118,4095,4095,4095,997,1548,0.00000,-0.75000,1.06250,24.670
136128,4095,4095,4095,996,1550,-0.01562,-0.76562,1.06250,24.670
136138,4095,4095,4095,997,1548,-0.01562,-0.75000,1.04688,24.670
136148,4095,4095,4095,1001,1546,-0.01562,-0.79688,1.04688,24.670
136158,4095,4095,4095,997,1547,-0.01562,-0.75000,1.04688,24.670
136168,4095,4095,4095,997,1548,-0.01562,-0.78125,1.06250,24.680
136178,4095,4095,4095,995,1550,-0.04688,-0.78125,1.04688,24.670
136188,4095,4095,4095,996,1547,-0.01562,-0.76562,1.07812,24.670
136198,4095,4095,4095,997,1546,-0.04688,-0.76562,1.04688,24.670
136208,4095,4095,4095,999,1548,-0.04688,-0.78125,1.04688,24.670
136218,4095,4095,4095,997,1548,-0.03125,-0.76562,1.04688,24.670
136228,4095,4095,4095,996,1548,-0.03125,-0.75000,1.06250,24.680
136238,4095,4095,4095,995,1549,-0.03125,-0.78125,1.04688,24.670
136248,4095,4095,4095,997,1547,-0.04688,-0.75000,1.06250,24.670
136258,4095,4095,4095,997,1548,-0.03125,-0.76562,1.04688,24.670
136268,4095,4095,4095,998,1547,-0.03125,-0.76562,1.04688,24.670
136278,4095,4095,4095,996,1549,-0.03125,-0.76562,1.04688,24.670
136288,4095,4095,4095,995,1548,-0.03125,-0.76562,1.06250,24.670
136298,4095,4095,4095,997,1548,-0.03125,-0.76562,1.06250,24.670
136308,4095,4095,4095,995,1548,-0.01562,-0.78125,1.04688,24.670
136318,4095,4095,4095,997,1548,-0.01562,-0.75000,1.04688,24.670
136328,4095,4095,4095,997,1544,-0.03125,-0.76562,1.03125,24.660
136338,4095,4095,4095,997,1548,0.00000,-0.76562,1.04688,24.660
136348,4095,4095,4095,995,1547,-0.01562,-0.76562,1.06250,24.660
136358,4095,4095,4095,1000,1548,-0.04688,-0.76562,1.07812,24.680
136368,4095,4095,4095,997,1548,0.00000,-0.75000,1.06250,24.670
136378,4095,4095,4095,999,1550,-0.03125,-0.76562,1.03125,24.670
136388,4095,4095,4095,996,1548,-0.03125,-0.76562,1.04688,24.670
136398,4095,4095,4095,997,1548,-0.01562,-0.76562,1.06250,24.670
136408,4095,4095,4095,995,1549,-0.03125,-0.78125,1.03125,24.670
136418,4095,4095,4095,996,1548,-0.03125,-0.76562,1.07812,24.670
136428,4095,4095,4095,999,1549,-0.03125,-0.78125,1.04688,24.670
136438,4095,4095,4095,998,1546,0.00000,-0.78125,1.06250,24.680
136448,4095,4095,4095,1000,1548,-0.01562,-0.75000,1.04688,24.680
136458,4095,4095,4095,997,1548,-0.03125,-0.76562,1.04688,24.680
136468,4095,4095,4095,994,1548,0.01562,-0.76562,1.09375,24.670
136478,4095,4095,4095,997,1548,-0.01562,-0.75000,1.07812,24.670
136488,4095,4095,4095,998,1546,-0.01562,-0.76562,1.03125,24.670
136498,4095,4095,4095,997,1547,-0.04688,-0.76562,1.06250,24.660
136508,4095,4095,4095,995,1545,-0.04688,-0.78125,1.06250,24.670
136518,4095,4095,4095,995,1548,-0.01562,-0.76562,1.06250,24.670
136528,4095,4095,4095,997,1548,-0.03125,-0.78125,1.06250,24.670
136538,4095,4095,4095,995,1547,-0.04688,-0.73438,1.07812,24.670
136548,4095,4095,4095,997,1549,-0.04688,-0.76562,1.04688,24.670
136558,4095,4095,4095,997,1547,-0.01562,-0.76562,1.06250,24.670
136568,4095,4095,4095,995,1544,-0.01562,-0.76562,1.06250,24.670
136578,4095,4095,4095,995,1548,-0.03125,-0.75000,1.04688,24.670
136588,4095,4095,4095,996,1547,-0.03125,-0.76562,1.06250,24.670
136598,4095,4095,4095,996,1548,-0.01562,-0.76562,1.04688,24.670
136608,4095,4095,4095,999,1546,-0.04688,-0.78125,1.01562,24.680
136618,4095,4095,4095,997,1546,-0.03125,-0.78125,1.04688,24.670
136628,4095,4095,4095,999,1547,-0.03125,-0.75000,1.03125,24.670
136638,4095,4095,4095,996,1546,-0.01562,-0.76562,1.07812,24.670
136648,4095,4095,4095,997,1546,-0.01562,-0.76562,1.06250,24.670
136658,4095,4095,4095,995,1546,-0.01562,-0.78125,1.07812,24.680
136668,4095,4095,4095,997,1548,-0.01562,-0.75000,1.03125,24.660
136678,4095,4095,4095,997,1548,-0.04688,-0.73438,1.06250,24.680
136688,4095,4095,4095,999,1548,0.00000,-0.73438,1.06250,24.670
136698,4095,4095,4095,997,1551,-0.01562,-0.76562,1.07812,24.670
136708,4095,4095,4095,997,1548,-0.04688,-0.76562,1.04688,24.660
136718,4095,4095,4095,997,1548,-0.04688,-0.76562,1.04688,24.670
136728,4095,4095,4095,995,1548,-0.03125,-0.76562,1.07812,24.670
136738,4095,4095,4095,997,1548,-0.01562,-0.75000,1.06250,24.670
136748,4095,4095,4095,997,1547,-0.01562,-0.76562,1.06250,24.670
136758,4095,4095,4095,999,1548,-0.01562,-0.78125,1.04688,24.670
136768,4095,4095,4095,997,1548,-0.03125,-0.75000,1.06250,24.660
136778,4095,4095,4095,996,1547,0.00000,-0.76562,1.06250,24.670
136788,4095,4095,4095,995,1547,-0.01562,-0.76562,1.06250,24.680
136798,4095,4095,4095,998,1547,0.01562,-0.73438,1.06250,24.670
136808,4095,4095,4095,997,1547,-0.01562,-0.76562,1.06250,24.680
136818,4095,4095,4095,998,1548,-0.01562,-0.78125,1.06250,24.670
136828,4095,4095,4095,995,1550,-0.01562,-0.76562,1.06250,24.670
136838,4095,4095,4095,995,1548,-0.01562,-0.75000,1.06250,24.670
136848,4095,4095,4095,997,1548,-0.03125,-0.78125,1.06250,24.670
136858,4095,4095,4095,997,1548,-0.03125,-0.78125,1.03125,24.670
136868,4095,4095,4095,1000,1549,-0.01562,-0.78125,1.04688,24.670
136878,4095,4095,4095,996,1550,-0.03125,-0.78125,1.04688,24.670
136888,4095,4095,4095,999,1548,-0.03125,-0.76562,1.06250,24.670
136898,4095,4095,4095,995,1548,-0.03125,-0.76562,1.06250,24.670
136908,4095,4095,4095,997,1550,-0.01562,-0.76562,1.06250,24.670
136918,4095,4095,4095,997,1548,-0.04688,-0.78125,1.06250,24.670
136928,4095,4095,4095,997,1548,-0.04688,-0.76562,1.04688,24.670
136938,4095,4095,4095,997,1546,-0.03125,-0.76562,1.06250,24.660
136948,4095,4095,4095,997,1548,-0.03125,-0.76562,1.06250,24.670
136958,4095,4095,4095,995,1548,-0.03125,-0.76562,1.06250,24.660
136968,4095,4095,4095,998,1547,-0.03125,-0.73438,1.06250,24.680
136978,4095,4095,4095,997,1548,-0.03125,-0.76562,1.03125,24.670
136988,4095,4095,4095,996,1547,0.00000,-0.75000,1.03125,24.670
136998,4095,4095,4095,997,1548,-0.03125,-0.76562,1.04688,24.660
137008,4095,4095,4095,995,1547,-0.03125,-0.75000,1.04688,24.660
137018,4095,4095,4095,995,1548,-0.01562,-0.79688,1.07812,24.670
137028,4095,4095,4095,996,1547,-0.03125,-0.78125,1.04688,24.660
137038,4095,4095,4095,999,1549,-0.01562,-0.76562,1.06250,24.670
137048,4095,4095,4095,995,1546,-0.04688,-0.75000,1.06250,24.660
137058,4095,4095,4095,998,1546,-0.03125,-0.75000,1.06250,24.660
137068,4095,4095,4095,997,1546,-0.04688,-0.76562,1.06250,24.660
137078,4095,4095,4095,997,1548,-0.03125,-0.76562,1.06250,24.660
137088,4095,4095,4095,999,1548,-0.03125,-0.78125,1.04688,24.660
137098,4095,4095,4095,997,1549,-0.03125,-0.75000,1.06250,24.670
137108,4095,4095,4095,996,1546,-0.04688,-0.78125,1.06250,24.680
137118,4095,4095,4095,997,1548,-0.01562,-0.78125,1.06250,24.670
137128,4095,4095,4095,997,1548,-0.04688,-0.79688,1.06250,24.670
137138,4095,4095,4095,997,1548,-0.01562,-0.76562,1.07812,24.660
137148,4095,4095,4095,995,1548,-0.01562,-0.76562,1.06250,24.660
137158,4095,4095,4095,1001,1547,-0.03125,-0.75000,1.04688,24.670
137168,4095,4095,4095,995,1548,-0.03125,-0.76562,1.06250,24.670
137178,4095,4095,4095,995,1548,-0.04688,-0.76562,1.06250,24.680
137188,4095,4095,4095,997,1546,-0.03125,-0.78125,1.03125,24.660
137198,4095,4095,4095,995,1549,-0.04688,-0.78125,1.06250,24.680
137208,4095,4095,4095,999,1548,-0.03125,-0.79688,1.04688,24.670
137218,4095,4095,4095,997,1548,-0.01562,-0.76562,1.06250,24.660
137228,4095,4095,4095,997,1546,-0.01562,-0.76562,1.03125,24.670
137238,4095,4095,4095,996,1548,-0.01562,-0.76562,1.04688,24.670
137248,4095,4095,4095,1000,1548,-0.03125,-0.76562,1.06250,24.670
137258,4095,4095,4095,997,1548,-0.04688,-0.78125,1.07812,24.670
137268,4095,4095,4095,997,1546,-0.01562,-0.76562,1.06250,24.670
137278,4095,4095,4095,995,1550,-0.03125,-0.76562,1.03125,24.670
137288,4095,4095,4095,998,1546,-0.03125,-0.76562,1.03125,24.670
137298,4095,4095,4095,997,1547,-0.03125,-0.75000,1.04688,24.670
137308,4095,4095,4095,995,1548,-0.04688,-0.76562,1.03125,24.660
137318,4095,4095,4095,997,1548,-0.01562,-0.75000,1.06250,24.660
137328,4095,4095,4095,997,1549,-0.03125,-0.76562,1.04688,24.670
137338,4095,4095,4095,997,1547,-0.03125,-0.76562,1.03125,24.660
137348,4095,4095,4095,997,1547,-0.03125,-0.75000,1.06250,24.670
137358,4095,4095,4095,996,1547,-0.03125,-0.78125,1.04688,24.660
137368,4095,4095,4095,997,1548,-0.01562,-0.78125,1.04688,24.670
137378,4095,4095,4095,998,1547,-0.03125,-0.79688,1.06250,24.670
137388,4095,4095,4095,995,1550,-0.03125,-0.76562,1.07812,24.660
137398,4095,4095,4095,998,1547,-0.03125,-0.75000,1.06250,24.660
137408,4095,4095,4095,997,1546,-0.03125,-0.75000,1.06250,24.670
137418,4095,4095,4095,997,1548,-0.01562,-0.76562,1.03125,24.660
137428,4095,4095,4095,999,1549,-0.01562,-0.78125,1.04688,24.670
137438,4095,4095,4095,998,1548,-0.03125,-0.73438,1.04688,24.670
137448,4095,4095,4095,999,1546,-0.01562,-0.76562,1.04688,24.670
137458,4095,4095,4095,999,1547,-0.01562,-0.76562,1.06250,24.660
137468,4095,4095,4095,997,1548,-0.04688,-0.76562,1.04688,24.660
137478,4095,4095,4095,999,1548,-0.03125,-0.76562,1.06250,24.670
137488,4095,4095,4095,997,1548,-0.03125,-0.76562,1.06250,24.670
137498,4095,4095,4095,999,1548,-0.03125,-0.75000,1.06250,24.660
137508,4095,4095,4095,999,1548,-0.03125,-0.79688,1.06250,24.670
137518,4095,4095,4095,997,1546,-0.03125,-0.76562,1.04688,24.680
137528,4095,4095,4095,997,1548,-0.03125,-0.78125,1.04688,24.680
137538,4095,4095,4095,997,1548,-0.01562,-0.75000,1.06250,24.660
137548,4095,4095,4095,995,1546,-0.01562,-0.76562,1.04688,24.670
137558,4095,4095,4095,994,1548,-0.03125,-0.78125,1.01562,24.660
137568,4095,4095,4095,997,1548,0.00000,-0.78125,1.06250,24.670
137578,4095,4095,4095,997,1548,0.00000,-0.76562,1.10938,24.660
137588,4095,4095,4095,996,1549,-0.03125,-0.76562,1.04688,24.660
137598,4095,4095,4095,997,1548,-0.01562,-0.78125,1.06250,24.660
137608,4095,4095,4095,999,1548,-0.03125,-0.76562,1.04688,24.660
137618,4095,4095,4095,997,1549,-0.04688,-0.78125,1.04688,24.660
137628,4095,4095,4095,997,1548,-0.03125,-0.78125,1.04688,24.660
137638,4095,4095,4095,995,1548,-0.03125,-0.76562,1.04688,24.660
137648,4095,4095,4095,995,1546,-0.03125,-0.76562,1.04688,24.670
137658,4095,4095,4095,997,1548,-0.03125,-0.78125,1.06250,24.660
137668,4095,4095,4095,997,1547,-0.04688,-0.78125,1.06250,24.660
137678,4095,4095,4095,997,1549,-0.03125,-0.76562,1.07812,24.670
137688,4095,4095,4095,997,1548,-0.01562,-0.76562,1.07812,24.670
137698,4095,4095,4095,995,1548,-0.01562,-0.76562,1.06250,24.670
137708,4095,4095,4095,997,1550,-0.01562,-0.76562,1.04688,24.660
137718,4095,4095,4095,997,1548,-0.03125,-0.78125,1.06250,24.660
137728,4095,4095,4095,997,1548,-0.03125,-0.76562,1.04688,24.660
137738,4095,4095,4095,997,1548,-0.03125,-0.76562,1.06250,24.670
137748,4095,4095,4095,995,1546,-0.03125,-0.76562,1.04688,24.670
137758,4095,4095,4095,995,1545,-0.04688,-0.76562,1.04688,24.660
137768,4095,4095,4095,997,1546,-0.01562,-0.75000,1.07812,24.670
137778,4095,4095,4095,998,1546,-0.01562,-0.76562,1.06250,24.670
137788,4095,4095,4095,995,1550,-0.04688,-0.76562,1.07812,24.660
137798,4095,4095,4095,997,1546,-0.03125,-0.76562,1.06250,24.660
137808,4095,4095,4095,997,1547,-0.04688,-0.76562,1.06250,24.670
137818,4095,4095,4095,999,1548,-0.01562,-0.78125,1.04688,24.670
137828,4095,4095,4095,996,1548,-0.03125,-0.76562,1.03125,24.670
137838,4095,4095,4095,997,1547,-0.01562,-0.76562,1.04688,24.660
137848,4095,4095,4095,997,1548,-0.03125,-0.78125,1.04688,24.670
137858,4095,4095,4095,998,1548,-0.03125,-0.76562,1.04688,24.660
137868,4095,4095,4095,997,1550,-0.01562,-0.76562,1.04688,24.660
137878,4095,4095,4095,995,1546,-0.03125,-0.75000,1.06250,24.660
137888,4095,4095,4095,995,1546,-0.04688,-0.76562,1.06250,24.660
137898,4095,4095,4095,997,1550,-0.03125,-0.78125,1.04688,24.670
137908,4095,4095,4095,998,1546,-0.03125,-0.76562,1.06250,24.660
137918,4095,4095,4095,995,1547,-0.01562,-0.78125,1.06250,24.660
137928,4095,4095,4095,997,1547,-0.03125,-0.78125,1.04688,24.660
137938,4095,4095,4095,995,1548,-0.03125,-0.76562,1.03125,24.650
137948,4095,4095,4095,997,1549,-0.04688,-0.78125,1.06250,24.660
137958,4095,4095,4095,999,1548,-0.01562,-0.76562,1.06250,24.660
137968,4095,4095,4095,999,1547,-0.01562,-0.76562,1.04688,24.660
137978,4095,4095,4095,996,1548,-0.03125,-0.78125,1.06250,24.660
137988,4095,4095,4095,997,1548,-0.01562,-0.76562,1.04688,24.660
137998,4095,4095,4095,995,1550,-0.01562,-0.78125,1.04688,24.670
138008,4095,4095,4095,997,1544,-0.01562,-0.73438,1.06250,24.670
138018,4095,4095,4095,995,1548,-0.01562,-0.78125,1.04688,24.660
138028,4095,4095,4095,997,1551,-0.03125,-0.76562,1.04688,24.660
138038,4095,4095,4095,996,1548,-0.03125,-0.76562,1.06250,24.660
138048,4095,4095,4095,998,1548,-0.01562,-0.76562,1.04688,24.670
138058,4095,4095,4095,997,1549,-0.06250,-0.73438,1.04688,24.660
138068,4095,4095,4095,998,1546,0.00000,-0.76562,1.07812,24.670
138078,4095,4095,4095,997,1548,0.03125,-0.71875,1.06250,24.660
138088,4095,4095,4095,997,1548,-0.01562,-0.75000,1.03125,24.660
138098,4095,4095,4095,997,1548,-0.01562,-0.78125,1.03125,24.660
138108,4095,4095,4095,995,1550,-0.01562,-0.78125,1.06250,24.660
138118,4095,4095,4095,996,1547,-0.01562,-0.78125,1.06250,24.660
138128,4095,4095,4095,997,1546,-0.01562,-0.75000,1.04688,24.660
138138,4095,4095,4095,995,1550,-0.01562,-0.76562,1.06250,24.670
138148,4095,4095,4095,997,1546,-0.04688,-0.78125,1.06250,24.660
138158,4095,4095,4095,995,1549,-0.01562,-0.76562,1.03125,24.660
138168,4095,4095,4095,995,1548,-0.03125,-0.78125,1.04688,24.670
138178,4095,4095,4095,998,1547,-0.03125,-0.76562,1.06250,24.670
138188,4095,4095,4095,997,1548,-0.03125,-0.75000,1.07812,24.660
138198,4095,4095,4095,997,1548,-0.01562,-0.76562,1.06250,24.660
138208,4095,4095,4095,997,1547,-0.01562,-0.76562,1.06250,24.670
138218,4095,4095,4095,995,1548,-0.03125,-0.76562,1.04688,24.670
138228,4095,4095,4095,996,1547,-0.04688,-0.75000,1.06250,24.660
138238,4095,4095,4095,995,1548,-0.03125,-0.75000,1.07812,24.670
138248,4095,4095,4095,997,1547,-0.03125,-0.76562,1.06250,24.660
138258,4095,4095,4095,997,1548,-0.04688,-0.78125,1.06250,24.660
138268,4095,4095,4095,998,1546,-0.03125,-0.76562,1.04688,24.660
138278,4095,4095,4095,996,1548,-0.01562,-0.78125,1.06250,24.670
138288,4095,4095,4095,995,1546,-0.03125,-0.75000,1.04688,24.660
138298,4095,4095,4095,995,1550,-0.01562,-0.79688,1.04688,24.670
138308,4095,4095,4095,998,1546,0.00000,-0.78125,1.07812,24.660
138318,4095,4095,4095,998,1548,-0.03125,-0.79688,1.03125,24.670
138328,4095,4095,4095,997,1546,-0.01562,-0.75000,1.04688,24.670
138338,4095,4095,4095,995,1545,-0.01562,-0.76562,1.04688,24.670
138348,4095,4095,4095,997,1547,-0.01562,-0.76562,1.06250,24.660
138358,4095,4095,4095,998,1546,-0.01562,-0.76562,1.04688,24.670
138368,4095,4095,4095,999,1548,-0.01562,-0.73438,1.04688,24.660
138378,4095,4095,4095,995,1548,-0.01562,-0.79688,1.04688,24.670
138388,4095,4095,4095,997,1547,0.00000,-0.75000,1.01562,24.660
138398,4095,4095,4095,999,1547,-0.03125,-0.78125,1.06250,24.660
138408,4095,4095,4095,995,1548,-0.03125,-0.78125,1.04688,24.650
138418,4095,4095,4095,997,1548,-0.03125,-0.78125,1.04688,24.660
138428,4095,4095,4095,997,1548,-0.03125,-0.76562,1.06250,24.670
138438,4095,4095,4095,995,1548,-0.03125,-0.78125,1.04688,24.660
138448,4095,4095,4095,996,1546,-0.01562,-0.76562,1.04688,24.660
138458,4095,4095,4095,997,1547,-0.04688,-0.76562,1.06250,24.670
138468,4095,4095,4095,997,1544,-0.01562,-0.78125,1.04688,24.670
138478,4095,4095,4095,999,1546,-0.06250,-0.81250,1.06250,24.660
138488,4095,4095,4095,996,1548,-0.01562,-0.78125,1.06250,24.660
138498,4095,4095,4095,997,1547,-0.01562,-0.76562,1.04688,24.660
138508,4095,4095,4095,997,1547,-0.03125,-0.76562,1.06250,24.660
138518,4095,4095,4095,997,1546,-0.03125,-0.78125,1.04688,24.660
138528,4095,4095,4095,997,1548,-0.03125,-0.78125,1.04688,24.670
138538,4095,4095,4095,996,1547,-0.03125,-0.78125,1.06250,24.670
138548,4095,4095,4095,995,1548,-0.03125,-0.78125,1.04688,24.670
138558,4095,4095,4095,997,1546,-0.03125,-0.76562,1.06250,24.670
138568,4095,4095,4095,997,1545,-0.03125,-0.78125,1.04688,24.670
138578,4095,4095,4095,997,1547,-0.01562,-0.78125,1.06250,24.670
138588,4095,4095,4095,997,1550,-0.01562,-0.76562,1.04688,24.670
138598,4095,4095,4095,997,1547,-0.04688,-0.75000,1.06250,24.670
138608,4095,4095,4095,997,1548,-0.04688,-0.78125,1.06250,24.670
138618,4095,4095,4095,997,1548,-0.01562,-0.75000,1.06250,24.660
138628,4095,4095,4095,999,1544,-0.03125,-0.76562,1.06250,24.670
138638,4095,4095,4095,997,1549,-0.03125,-0.79688,1.04688,24.660
138648,4095,4095,4095,999,1548,0.00000,-0.76562,1.06250,24.670
138658,4095,4095,4095,995,1548,-0.01562,-0.78125,1.04688,24.670
138668,4095,4095,4095,997,1546,-0.03125,-0.78125,1.04688,24.670
138678,4095,4095,4095,997,1546,-0.04688,-0.76562,1.04688,24.670
138688,4095,4095,4095,997,1546,-0.01562,-0.75000,1.04688,24.670
138698,4095,4095,4095,997,1548,-0.01562,-0.75000,1.06250,24.660
138708,4095,4095,4095,995,1548,-0.01562,-0.76562,1.06250,24.670
138718,4095,4095,4095,997,1548,-0.01562,-0.76562,1.04688,24.670
138728,4095,4095,4095,999,1546,-0.03125,-0.81250,1.03125,24.660
138738,4095,4095,4095,997,1548,-0.03125,-0.78125,1.06250,24.670
138748,4095,4095,4095,997,1548,-0.03125,-0.76562,1.06250,24.660
138758,4095,4095,4095,997,1549,-0.01562,-0.75000,1.09375,24.670
138768,4095,4095,4095,997,1546,-0.01562,-0.78125,1.06250,24.660
138778,4095,4095,4095,998,1547,-0.03125,-0.76562,1.04688,24.660
138788,4095,4095,4095,997,1548,-0.03125,-0.76562,1.06250,24.660
138798,4095,4095,4095,997,1547,-0.01562,-0.78125,1.07812,24.670
138808,4095,4095,4095,997,1548,-0.03125,-0.78125,1.06250,24.670
138818,4095,4095,4095,995,1548,-0.03125,-0.76562,1.06250,24.670
138828,4095,4095,4095,995,1546,-0.03125,-0.76562,1.06250,24.670
138838,4095,4095,4095,997,1544,-0.01562,-0.78125,1.04688,24.660
138848,4095,4095,4095,997,1549,-0.01562,-0.79688,1.04688,24.670
138858,4095,4095,4095,995,1549,-0.03125,-0.75000,1.06250,24.670
138868,4095,4095,4095,997,1546,-0.03125,-0.76562,1.04688,24.670
138878,4095,4095,4095,997,1547,-0.04688,-0.76562,1.04688,24.670
138888,4095,4095,4095,996,1548,-0.03125,-0.78125,1.04688,24.670
138898,4095,4095,4095,996,1546,-0.04688,-0.76562,1.04688,24.670
138908,4095,4095,4095,1001,1548,-0.03125,-0.76562,1.04688,24.670
138918,4095,4095,4095,998,1546,-0.04688,-0.78125,1.04688,24.670
138928,4095,4095,4095,997,1547,-0.03125,-0.76562,1.04688,24.670
